Title,Cluster,Summary,Provider
Viper City Heist,4,"Viper City Heist is a casino-themed slot game inspired by daring heist narratives reminiscent of Grand Theft Auto. It features a 5x3 reel setup with 20 paylines, offering high RTP and medium-high volatility, along with various bonus features like Quick Hit, Heist Respins, and Vault Raid free spins. The reviewer finds the game entertaining, though not particularly groundbreaking. The game's aesthetics are praised for their high-quality artwork and immersive audio, enhancing the heist atmosphere.",
Viper City Heist,4,"Viper City Heist by Play'n GO is themed around high-stakes casino heists, reminiscent of crime movies and video games. The game features a 5x3 reel set with 20 paylines, offering high RTP, medium-high volatility, and various bonus rounds like Heist Respins and Vault Raid free spins. The reviewer finds the game entertaining but not groundbreaking, with solid features and engaging gameplay. The aesthetics include quality artwork and audio that reinforce the high-risk, thrilling heist atmosphere.",
Viper City Heist,4,"Viper City Heist is themed around a daring casino robbery, echoing a 'means justify the ends' ethos.  
The game includes features like Quick Hit, Heist Respins, and Vault Raid free spins with multipliers.  
The reviewer finds it entertaining but not particularly groundbreaking, rating it 7/10.  
The game boasts high-quality artwork reminiscent of Grand Theft Auto, enhancing its immersive experience.",
Hugo 2,8,"Hugo 2 is a 5-reel video slot themed around the nostalgic cartoon character Hugo. It features wild symbols, a picking bonus, and a free spins feature with potential multipliers. The reviewer finds the base game lacks excitement, but the bonus features add some thrill, though payouts can be modest. The game has vibrant visuals and engaging audio, enhancing the nostalgic experience.",
Mighty Masks,1,"Mighty Masks is an African nature-themed slot featuring Mystery Mask reveals and a Nudgereels mechanic. The game offers a multiplier wheel, free spins, and three bonus modes on a 5x4 grid with 20 paylines. The reviewer finds it a medium-high volatility slot with engaging features and a top RTP of 96.3%. The game boasts vibrant, animated aesthetics with a Disney/DreamWorks style, complemented by a lively audio backdrop.",
Book of Sam,0,"Book of Sam is a quirky slot game by ELK Studios, featuring a troll family in a neon-lit, faux Las Vegas setting with Egyptian imagery. The game offers two modes, Normal and Bonus, with a standard 5-reel, 10-payline setup and features like expanding symbols and Electric Treats. The reviewer appreciates its unique twist on the 'Book of' genre, though it hasn't reached the impact of other ELK series yet. The game boasts vibrant visuals and a funky soundtrack that enhances its lively Vegas theme.",
Jumbo Safari,7,"Jumbo Safari is a jungle-themed slot featuring a variety of animal symbols and a cheerful atmosphere. The game includes a 5x3 grid with 20 paylines, free spins, and a feature buy option, but lacks base game features. The reviewer finds the slot charming but notes its simplicity and lack of base game extras. The graphics are decent, with a lively soundtrack enhancing the playful theme.",
Raven's Eye,1,"Raven's Eye explores a mystical theme with a druid and her magic raven in an enchanted forest.  
The game features 5 reels, 30 paylines, Raven Mystery Symbols, and a Bonus Game with free spins and symbol transformations.  
The reviewer finds the game underwhelming, noting it feels rushed and lacks the usual Thunderkick innovation and quality.  
Aesthetically, it offers a calm soundtrack and dynamic forest visuals, though it's less vibrant than typical Thunderkick games.",
Black Bull,3,"Black Bull is a Wild West-themed slot game by Pragmatic Play, featuring wild animals and prairie landscapes. It offers a 5-reel, 20-payline setup with volatility rated 4 out of 5, and includes a money symbol collection feature and free spins with a progressive element. The reviewer finds Black Bull more engaging than its predecessor, Treasure Wild, praising its lively gameplay and rewarding features. The game boasts mainstream visuals with an energetic rock-infused soundtrack enhancing the player experience.",
Leprechaun's Magic,8,"'Leprechaun's Magic' is an Irish-themed slot game by Max Win Gaming, featuring classic slot inspirations with a touch of originality. The game includes expanding symbols and a Magic Spins Free Spins feature, with a volatility rating of 5/5 and an RTP of 95.95%. The reviewer finds it a cliché-filled but enjoyable slot for fans of the theme. Set in a lush Irish countryside, the game offers pleasant visuals and ambient audio fitting its theme.",
Release the Kraken Megaways,6,"'Release the Kraken Megaways' by Pragmatic Play blends a high seas adventure with the dynamic Megaways engine. It features up to 117,649 ways to win, wild respins, guaranteed wins, and an engaging free spins round with random upgrades. The reviewer appreciates its fresh take and engaging gameplay mechanics. The game boasts Turner-esque visuals and 70s-era TV drama music, creating an immersive experience.",
Play With the Devil,1,"'Play With the Devil' is a cartoonish slot game by Red Tiger, featuring a fun take on devilish themes. The game includes features like Devil Wilds, Devil Coins, Bonus Prizes, free spins, and a feature buy option. The reviewer finds it entertaining despite its devilish theme, with a medium-high volatility and a max RTP of 95.71%. The aesthetics are lively with neat animations and a desolate yet playful depiction of hell.",
Banana Town Dream Drop,7,"**Overview:** Banana Town Dream Drop is a retro-themed slot featuring gangster monkeys and bananas, with a progressive jackpot twist.

**Features:** The game includes a scatter pays system, cascading wins, Multiplier Upgrades, free spins, and a Dream Drop Bonus.

**Verdict:** While it closely mirrors the original, the addition of the Dream Drop feature enhances its appeal, despite a lower RTP in the DD version.

**Aesthetics and Audio:** The game maintains a hardcore retro block graphic style, reminiscent of Relax Gaming's other titles like Hellcatraz.",
Deal or No Deal Golden Case Megaways,6,"'Deal or No Deal Golden Case Megaways' is themed around the popular TV show.  
The game offers Megaways mechanics, free spins, and the Golden Case feature.  
The reviewer finds it engaging but notes the volatility may not suit all players.  
The game boasts crisp visuals and immersive audio that enhance the experience.",
}); [smartslider3 slider=862]Deal or No Deal Golden Case Megaways: Slot OverviewIsn't it interesting how participants in games of chance sometimes come up with systems in an attempt to overcome their random nature or make use of it in order to win? Hopefully. Picking birth dates in lotteries is a classic one,6,"Line 1: Deal or No Deal Golden Case Megaways is themed around the popular game show with a classic, glitzy design.  
Line 2: The game features a Megaways setup with up to 117,649 ways to win, cascading reels, and multiple bonus rounds.  
Line 3: The reviewer finds it similar to previous versions, but it effectively captures the show's spirit and offers engaging gameplay.  
Line 4: The slot boasts bright visuals and an intense rhythmical soundtrack, enhancing the game's tension.",
Oink Farm,8,"Oink Farm is a cheerful, animated slot game themed around a fantasy farm with happy animals and a relaxed agricultural setting. The game features Wild Reels, Oink Coin collects, free spins, and an Eggs Rush jackpot, providing varied gameplay opportunities. The reviewer finds it a friendly and entertaining slot, particularly praising its jackpot feature, though it remains conventional in structure. The aesthetics include vibrant visuals and a playful audio backdrop, enhancing the overall farm-themed experience.",
Wanted Dead or a Wild,3,"Wanted Dead or a Wild is a Wild West-themed slot game by Hacksaw Gaming, featuring a darker, more unsettling setting than typical Western slots. The game offers full reel wild multipliers, three bonus rounds with varying volatilities, and 15 fixed paylines. The reviewer appreciates the game's unique vibe and engaging features, likening it to Hacksaw's previous hit, Chaos Crew. The game's aesthetics include a smoldering sun over twisted trees, with atmospheric audio enhancing the immersive experience.",
Lucky Lightning,8,"Lucky Lightning is a slot game themed around classical Greece with deities and mythical creatures. It features dynamic reels, a Wild Respin and Collection Feature, and free spins with a 6-reel grid. The reviewer finds the game volatile yet engaging, with a respectable RTP and humor in big win messages. Visually, the game combines classical motifs with dynamic elements and a mix of dramatic and rock music.",
Gem Elevator,7,"Gem Elevator by Pragmatic Play is a mining-themed slot exploring the Earth's crust for gems and treasures.  
The game features a 6x5 grid with cluster pays, nudges, multipliers, free spins, and a bonus buy option.  
The reviewer finds it decent but not groundbreaking, with the nudge mechanic offering some entertainment.  
The game boasts vibrant gem symbols and a standard miner-themed aesthetic, with no specific audio details highlighted.",
Lost Relics 2,2,"Lost Relics 2 transports players to a Central/South American adventure with an explorer theme.  
The game features a 6x6 grid, Hidden Chests, multipliers, and free spins for varied gameplay.  
The reviewer finds it a solid sequel with engaging mechanics and a decent max win potential.  
Visually, it offers lush graphics with stone carvings and an immersive audio experience.",
Temple of Tut,0,"Temple of Tut is an ancient Egyptian-themed video slot featuring a quest for King Tut's treasure. The game includes a Super Reels feature with stacked wilds and a Free Spins bonus, offering up to 60 spins. The reviewer finds the game boring and unremarkable, lacking entertainment and substantial payouts. The aesthetics and audio are not specifically highlighted in the review.",
Beasts of Fire,1,"Beasts of Fire is a Play'n GO slot set in the Great Plains, where a meteor grants buffaloes fiery energy. The game features stacked symbols, expanding reels, free spins, and respins, with a medium/high volatility and a 96.24% RTP. The reviewer rates it 7.5 out of 10, appreciating its engaging features and potential for big wins. The game boasts a muscular, mystical aesthetic with snow-capped mountains and a dynamic soundtrack.",
Fast Fruits DoubleMax,8,"Fast Fruits DoubleMax is a retro-themed slot game centered around vibrant fruit symbols. It features a 5x3 grid, cascading wins, a rising win multiplier, and four distinct wild symbols. The reviewer appreciates its classic appeal and dynamic gameplay, though notes its highly volatile nature. The game boasts juicy, eye-catching graphics and a lively audio backdrop.",
Opal Fruits,8,"Opal Fruits by Big Time Gaming presents a nostalgic 1980s retro theme with clever wordplay referencing classic UK candy. The game features a unique Triple Reaction engine, 5,625 ways to win, and x3 Multiplier Wilds, offering substantial win potential. The reviewer appreciates its engaging gameplay despite not being feature-heavy, highlighting its appeal to both new and classic fans. Aesthetically, it uses a vibrant color palette and an 80s-inspired soundtrack, enhancing its nostalgic charm.",
Pinatas & Ponies,5,"Pinatas & Ponies is a festive-themed slot game inspired by Mexican culture, featuring a scatter-paying 6x6 grid. The game includes features like cascading wins, multipliers, and a free spins bonus round with stacking multipliers. The reviewer appreciates the engaging gameplay but notes the high volatility and moderate RTP. The game boasts vibrant visuals with a joyful Latin American atmosphere and lively audio.",
Mystic Orbs,1,"Mystic Orbs is an Asian-themed slot by ELK Studios, featuring a dragon-guarded treasure chamber.  
The game includes a 5x5 grid with cluster pays, Avalanche mechanics, and a feature row with various bonuses.  
The reviewer finds the visuals less exciting but appreciates the dynamic soundtrack and engaging gameplay.  
The aesthetics are set against a rock wall, with a soundtrack blending traditional Asian and modern elements.",
Hustling,3,"Hustling is a slot game with a hip-hop theme, featuring a West Coast vs East Coast rapper rivalry. It includes features like a pay both ways system, super wilds, and free spins with multipliers. The reviewer finds it less original than similar games but still engaging for players. The game boasts vibrant graphics and a decent soundtrack, though not as outstanding as some competitors.",
Dragon Born Megaways,6,"Dragon Born Megaways features a medieval dragon-themed slot with mythical creatures and legendary tales. It offers a Megaways engine with up to 117,649 ways to win, Full Reel Wilds, and a Free Spins round. The reviewer praises its unique gameplay and engaging features, marking it as a standout Megaways slot. The game boasts high-definition graphics and a fairy-tale aesthetic, enhancing the immersive experience.",
Hong Bao,2,"'Hong Bao' is a Chinese-themed slot game centered around the tradition of red envelopes, featuring 5 reels and 50 paylines. The game offers Free Spins with multiplier wilds and a Bonus Spins feature with collectible red envelopes for tiered rewards. The reviewer praises the game's generous RTP, especially at higher bet levels, and considers it a rewarding experience. The game boasts detailed visuals with a serene mountain valley backdrop and a zen-like soundtrack, enhancing the immersive experience.",
Cats & Cash,8,"Cats & Cash is a retro-themed slot game with a television game show vibe, featuring disco cats as hosts. It offers a 5-reel, 3-row setup with 15 paylines, a 96.07% RTP, and two bonus features: Wheel of Fortune and Pick-a-Gift. The reviewer is skeptical about the advertised 5000x max win potential, preferring other cat-themed slots. The game has updated graphics but retains an outdated feel, with audio and visuals that may seem cringy.",
Tropical Tiki,7,"Tropical Tiki by Pragmatic Play is a Polynesian-themed slot set in a vibrant Pacific Island environment. The game features a Winning Symbols Tumble mechanic with expanding reels during free spins, offering up to 6,400 ways to win. The reviewer finds it cheerful but not groundbreaking, suitable for light entertainment. The visuals are colorful and lively, though the Caribbean-style music feels slightly mismatched with the theme.",
Money Mouse,7,"Money Mouse by Pragmatic Play is themed around the Chinese New Year, featuring a familiar Asian cultural design. The game offers features like free spins, a Money Respin feature, and three fixed jackpots. The reviewer finds it unoriginal due to its similarities with other slots, notably Wolf Gold. Aesthetically, it showcases a classic red and gold design with traditional symbols and a clean interface.",
Golden Fish Tank Party,5,"Golden Fish Tank Party is an underwater-themed slot game by Yggdrasil Gaming, offering a vibrant aquatic celebration. It features Cash and Collect symbols, Wild Party Free Spins, and Cash Party Free Spins, shifting from the previous games' mechanics. The reviewer finds it a charming and visually appealing game, though its RTP is lower than its predecessors. The game maintains its cartoonish, Finding Nemo-like aesthetic with soothing audio, creating a relaxed gaming environment.",
Lucky Twins Link&Win,7,"Lucky Twins Link&Win features an Asian theme with cultural references and subtle décor. The game includes Power Stacks, a Link&Win feature, Coin Prizes, and free spins. The reviewer notes it as a standard entry in Slingshot Studio's Link&Win series with high volatility. The aesthetics are understated, with a red-lined background and minimal use of Asian motifs.",
Rich Wilde and the Pearls of Vishnu,2,"Rich Wilde and the Pearls of Vishnu is themed around Hindu mythology, with the protagonist exploring India for treasures. The game features include cascading wins, a multiplier up to x10, and a multi-stage bonus game with free spins. The reviewer rates it 5/10, noting its medium volatility and modest win potential. The game boasts appealing visuals and audio, enhancing the adventurous theme.",
Jade Shuriken,8,"Jade Shuriken is a martial arts-themed slot game featuring ninjas and a graphic novel style. It offers features like Epic Strike, Respins, and free spins with win multipliers. The reviewer appreciates the game's low volatility and high hit rate but notes its similarities to other games. The game boasts a cartoon martial arts aesthetic with atmospheric settings and engaging audio.",
Apes of Wrath,1,"Apes of Wrath transports players from American literature to African jungles with a gorilla-themed slot.  
The game features include Wild Ape Respins, free spins from a Bonus Wheel, and an expanded grid.  
The reviewer finds the game lacks innovation, appealing more to casual players than thrill-seekers.  
Aesthetically, it resembles classic wildlife slots with bright visuals and ambient jungle sounds.",
Valhalla Wild Winter,1,"Valhalla Wild Winter is a Norse mythology-themed slot set in a wintry, epic landscape.  
Key features include a Global Multiplier, wilds, and the Frozen Fortune Hunt bonus round.  
The reviewer appreciates its engaging theme and features, offering a robust gaming experience.  
The game boasts impressive visuals with icy mountains and thunderous music enhancing the atmosphere.",
Heroes' Gathering,1,"'Heroes' Gathering' offers a D&D-inspired board game theme with a unique tabletop slot layout. The game features include a free spins round with a board game bonus, medium volatility, and a 96.45% RTP. The reviewer finds the game entertaining with its engaging features, despite its initially disorienting design. The aesthetics blend medieval visuals with bard-like music, enhancing the immersive gaming experience.",
Divine Fortune Megaways,6,"Divine Fortune Megaways is a revamp of NetEnt's popular jackpot slot, now featuring the Megaways mechanic. The game includes Falling Wild Respins, Wild on Wilds, and free spins with bonus win symbols. The reviewer appreciates the faithful adaptation but notes the absence of a progressive jackpot. The game retains its classical aesthetic with statues and a cloudy backdrop, accompanied by familiar visuals and audio.",
Fist of Destruction,3,"Fist of Destruction is a fighting-themed slot game by Hacksaw Gaming, featuring pixelated warriors and fist symbols. The game offers wild expansions, multipliers, free spins, and special bonuses like the Throwdown! and Ultimate Throwdown Bonus. The reviewer finds it engaging for fans of combat-style games, despite not reaching the complexity of titles like Street Fighter 6. The game boasts a modern design with selectable characters and a dynamic audio-visual experience.",
Da Vinci’s Mystery Super Lines,1,"Da Vinci’s Mystery Super Lines by Red Tiger draws on the enigmatic allure of Leonardo Da Vinci's legacy. The game features Super Lines, free spins with cascading symbols, and a unique Symbol Multiplier mechanic. The reviewer finds the slot engaging despite a lower RTP of 95.67%, praising its potential for frequent wins and exciting bonuses. Set in a library with gold ornaments, the game offers a classic yet slightly dated aesthetic with fitting audio cues.",
Motley Crue,1,"Motley Crue is a rock-themed slot by Play'n GO, celebrating the band's hedonistic lifestyle with a 5-reel, 20-payline setup.  
The game features include Wild Side re-spins, Live Wire wilds, Girls, Girls, Girls multipliers, and a free spins bonus round.  
The reviewer finds the slot entertaining with its engaging features and medium volatility, appealing to rock and slot fans alike.  
Aesthetically, the game captures the band's essence with neon visuals and tracks like ""Girls, Girls, Girls"" enhancing the experience.",
Reel Rush 2,8,"'Reel Rush 2' by NetEnt offers a vibrant, candy-themed slot experience reminiscent of retro video games. It features a unique 1-3-5-3-1 reel format, expanding up to 3,125 win ways, with numerous modifiers and free spins options. The reviewer appreciates its high entertainment value and payout potential, despite a slightly lower RTP than its predecessor. The game boasts colorful, retro aesthetics with engaging audio, enhancing its playful, arcade-like atmosphere.",
Valhall Gold,5,"Valhall Gold by ELK Studios takes players to a Viking-themed adventure, concluding the popular Gold slot series. The game features a dynamic grid, Avalanches, and a range of special symbols and bonus modes, though it has a lower RTP of 94%. The reviewer appreciates the game’s mix of classic and new features but notes the reduced RTP as a downside. Valhall Gold offers a visually rich Viking setting with detailed graphics and immersive audio.",
Egypt Megaways,6,"Egypt Megaways is an Ancient Egypt-themed slot by Red Tiger, utilizing the Megaways mechanic.  
It features full reel wild multipliers, sticky wilds, and free spins with a rising win multiplier.  
The reviewer finds the game somewhat unoriginal but acknowledges its effective features.  
The game boasts a realistic aesthetic with grand statues and a reverential atmosphere, avoiding cartoonish imagery.",
Cat Wilde and the Lost Chapter,0,"Cat Wilde and the Lost Chapter takes players on an Egyptian-themed adventure with Rich Wilde's daughter, Cat, as the protagonist. The game features adjustable paylines, high volatility, and special expanding symbols during free spins, including Pyramid Spins. The reviewer appreciates Play'n GO's effort to differentiate the game within the familiar 'Book of' genre, highlighting its engaging features and visual appeal. The game boasts high-quality graphics with a warm, golden aesthetic, though the non-Arabic soundtrack adds a unique adventurous spirit.",
Invaders Megaways,6,"Invaders Megaways is a humorous sci-fi-themed slot game inspired by Space Invaders, featuring alien invasion motifs. It offers features like cascades, wild transformations, and free spins with modifiers, using the Megaways engine to provide up to 1,000,000 win ways. The reviewer finds it entertaining despite lower pay values, highlighting its engaging features and high volatility. The game's aesthetics include retro wave audio and cosmic bleeps, enhancing its sci-fi atmosphere.",
Empty the Bank,4,"'Empty the Bank' is themed around a heist led by a chatty Cockney burglar aiming to loot bank vaults. The game features a hold & win bonus round with special symbols and an optional Ante Bet for increased chances. The reviewer appreciates the game's high volatility and potential rewards, noting it as one of Pragmatic Play's standout releases. The slot's visuals and 60s-inspired soundtrack create a classic heist film atmosphere.",
Hot Shots Megaways,6,"'Hot Shots Megaways' combines football with anthropomorphic animal athletes using the Megaways engine.  
Features include cascading wins, optional betting extras, Cash Respins, and random modifiers.  
The reviewer finds it a decent game but notes it lacks the charm of previous Hot Shots titles.  
The game has a bubbly aesthetic with quirky animal symbols but minimal football-themed visuals.",
Crystal Quest: Arcane Tower,8,"'Crystal Quest: Arcane Tower' takes players on an adventure with Gemma in a jungle-themed setting. The game features a 6x4 grid, 4,096 ways to win, and includes Avalanches, multipliers, Linked Reels, free spins, and a Wild Explosion feature. The reviewer sees it as a solid yet familiar addition to Thunderkick's lineup, with minor improvements over its predecessor. The game boasts bold, cartoony visuals with smooth animations and engaging audio.",
Rich Geyser,2,"Rich Geyser features an oil theme, diverging from typical slot themes like ancient China or Egypt. The game includes a Gushing Wilds Respin feature but lacks free spins and other diverse features. The reviewer finds the game uninspiring and lacking in engaging mechanics or design. Visually dated, the game does not impress with its aesthetics or audio, though it offers a high RTP of 97.36%.",
}); Caravan of Riches: Slot OverviewWay back in early 2020,2,"Caravan of Riches is themed around the adventurous spirit of ancient traders on the Silk Road. It features a unique 3-4-5-4-3 reel setup, 20 fixed paylines, and includes the Silk Road feature and symbol upgrade free spins. The reviewer finds the game lacking in excitement and innovation compared to other slots, despite its decent features. The game presents a diamond-shaped grid with standard visuals and audio, but doesn't stand out aesthetically.",
3 Dancing Monkeys,7,"'3 Dancing Monkeys' is an Asian-themed slot game featuring three monkey-linked modifiers, mystery symbols, free spins, and bonus buys. Players can enjoy a 5-reel, 3-row grid with 243 ways to win, and a highly volatile gameplay experience. The reviewer found it challenging to form a definitive verdict, suggesting mixed feelings about the game. The game employs a simple cartoon aesthetic with a blue sky and rolling hills, adding charm with the presence of the three monkeys.",
Golden Beauty,7,"Golden Beauty by Pragmatic Play revisits the Asian theme with familiar mechanics from older slots. Key features include a Progressive feature with a 10-spin cycle and a customizable Free Spins round with varying volatility. The reviewer finds the game visually appealing but notes its lack of innovation compared to previous titles. The game boasts traditional Chinese aesthetics with an exotic soundtrack, enhancing its Eastern ambiance.",
Boat Bonanza Christmas,5,"Boat Bonanza Christmas features a fishing theme with a festive twist, incorporating snowy landscapes and Santa hat-wearing creatures. The game offers 5 reels with 12 paylines, high volatility, and a maximum RTP of 96.22%, focusing on cash-catching symbols rather than traditional line wins. The reviewer finds the slot to be a simple reskin of the original, lacking innovation in its Christmas presentation. Visually, it retains the basic charm of the original, with clear graphics and a seasonal overlay.",
Genie Nights,1,"Genie Nights is an Arabian Nights-themed slot game by Red Tiger, repurposing elements from the canceled Honolulu Nights.  
The game features a 3x3 grid with 5 paylines, offering respins, Magic Lamp Bonuses, various Wish spins, and a Nudge mechanic.  
The reviewer finds the game tedious and lacking excitement, similar to its predecessor.  
Visually, the game feels unfinished with a desert backdrop and an overall rushed aesthetic.",
Brawl at the Redcap Inn,8,"""Brawl at the Redcap Inn"" is a fantasy-themed slot game with dual reel sets by Dreamtech Gaming. It features a Wild Swap mechanic, free spins, and a high volatility level with a 96.04% RTP. The reviewer appreciates the creative effort but feels the dual grid doesn't enhance the gameplay significantly. The aesthetics are simple, with wooden elements and lively audio, requiring imagination to fully visualize the brawl theme.",
Dinopolis,7,"Dinopolis is a slot game set in a whimsical world where dinosaurs enjoy a Vegas-style lifestyle. It features a 5-reel, 576 pay way grid with wild multipliers and Dino Coins, leading to potentially large wins. The reviewer appreciates its creative concept and high volatility, offering engaging sessions despite challenging bonus triggers. The game boasts vibrant visuals and a lively rockabilly soundtrack, enhancing its unique theme.",
Big Bucks Deluxe,6,"Big Bucks Deluxe is a Megaways slot themed around wealth and bucks, featuring a city skyline and a starry night sky. It offers features like local jackpots, free spins, a Hold and Spin bonus round, and Megapots with multipliers up to 88,888x the bet. The reviewer appreciates the game's high-quality design and engaging features, making it stand out from typical slots. The game boasts slick visuals with a stylized cityscape and mystical night sky, enhancing its appeal.",
}); Yanaha’s Rite: Slot OverviewEditor's note: Yanaha's Rite is a bespoke game conceived by Leovegas Casino that's constructed and hosted on SG Digital's system. Hence it is not an SG Digital product as such.A quick Google search revealed the name 'Yanaha' means either 'brave' or 'she faces the enemy'. In movies,8,"Yanaha’s Rite immerses players in a Native American theme with its unique character symbols and cultural elements. The game features a Dual Ways pays system, free spins with reel modifiers, and a scatter collection mechanic. The reviewer appreciates the cultural depth and innovative gameplay but notes potential pacing issues with animations. The game’s aesthetics include a rocky backdrop, panpipe sounds, and thematic symbol designs, enhancing its atmospheric appeal.",
Børk The Berzerker Hack ‘N’ Slash Edition,1,"Børk The Berzerker Hack ‘N’ Slash Edition is a Norse-themed slot featuring a warrior protagonist.  
The game offers expanding wilds, bonus spins, and medium variance with a 97.34% RTP.  
The reviewer finds the game visually appealing but lacking in engaging features and innovation.  
Cartoon-like graphics and sound are highlighted, but the overall simplicity leads to a dull experience.",
Mega Heist,4,"Mega Heist immerses players in a crime-themed adventure involving a prison break and subsequent heists. The game features a 5-reel, 4-row setup with 178 ways to win, highly volatile gameplay, and a unique bonus round with escalating rewards. The reviewer appreciates the engaging mechanics and imaginative theme, likening it to other Relax Gaming titles. The game’s cartoonish design and dynamic audio enhance the playful, yet thrilling, heist atmosphere.",
Madame Destiny Megaways,6,"Madame Destiny Megaways is a mystic-themed slot by Pragmatic Play, featuring a larger grid and updated features from its predecessor. The game includes Megaways mechanics, tumble wins, free spins, and an ante bet option, offering up to 200,704 ways to win. The reviewer finds the game intriguing but notes it doesn't reach the high potential typical of Megaways slots. The aesthetics are enhanced with crisper graphics and a spookier atmosphere, complemented by an engaging audio experience.",
Plunderland,5,"Plunderland immerses players in a low-key Wonderland setting, inspired by Alice's Adventures in Wonderland. The game features a 7x7 grid with cluster pays, a roaming progressive multiplying wild, and a bonus game with free spins. The reviewer appreciates its high volatility and solid RTP but notes the visuals are more restrained than expected. The aesthetics are calm, with Alice reading amidst a serene rural backdrop, contrasting the typically vibrant Wonderland theme.",
Hi-Lo,3,"Hi-Lo by Hacksaw Gaming offers a simple, card-based gambling experience distinct from typical online slots. The game features straightforward betting options like higher/lower or card color predictions, with variable volatility and RTP up to 98%. The reviewer appreciates its minimalist design and ease of play, making it an engaging alternative to complex slots. The game boasts a clean aesthetic with a lounge-like, tropical soundtrack enhancing the experience.",
Merlin Realm of Charm,1,"Merlin Realm of Charm immerses players in a mystical world featuring the legendary wizard Merlin and an Enchantress. The game offers a classic 5-reel, 10-payline setup with features like special expanding symbols, free spins, and a gamble option. The reviewer finds it a solid entry with a vibrant design, though not groundbreaking. The aesthetics are charming, with vibrant visuals and engaging audio that enhance the magical theme.",
Wild Bazaar,1,"Wild Bazaar is a 5-reel, 4-row slot by NetEnt, set in a vibrant Middle Eastern market.  
The game features Wild Spins with Stacked, Colossal, Linked, and Multiplier Wilds, triggered by chest symbols.  
The reviewer appreciates the engaging features and design, noting the potential for exciting gameplay.  
Visually, the game boasts a cartoonish, Aladdin-like aesthetic with a lively market backdrop and ambient sounds.",
Pirate Multi Coins,5,"Pirate Multi Coins is a pirate-themed slot game from Fantasma Games, featuring treasure and adventure.  
Key features include scatter pays, an Avalanche mechanic, a Multi Coins feature, and a Golden Chest feature.  
The reviewer finds it conventional but engaging, with a solid mix of features and medium volatility.  
The game boasts a visually rich design with gold-framed reels and a treasure-laden backdrop.",
Amazing Money Machine,5,"'Amazing Money Machine' transports players to a Steampunk-inspired world with inventive devices. The game features streak respins, jackpots, and an Amazing Money Machine, but lacks high-end excitement. The reviewer finds the game underwhelming, failing to capture interest despite frequent features. The aesthetics are considered graphically mediocre and somewhat dated, though the Steampunk theme may appeal to enthusiasts.",
10 Flaming Bisons,7,"10 Flaming Bisons centers around a Native American theme set on a dry plain, with influences evident in its design and symbols.  
The game features expanding grids, Push-Up ante bets, and a progressive free spins round with jackpot scatter symbols offering up to 5,000x prizes.  
The reviewer finds 10 Flaming Bisons to be a solid mid-level scatter prize game, though not groundbreaking.  
Visually, the game incorporates Native American motifs and offers an immersive audio-visual experience.",
Money Jar 2,5,"Money Jar 2 retains the 1930s 'Betty Boop' style with a new aquatic theme, set aboard a ship.  
The game features 15,625 ways to win, multiple bonus rounds, and a host of features like Win Respins and Power Up symbols.  
The reviewer praises Slotmill for enhancing the original game's charm and maintaining high-energy gameplay.  
The game boasts cartoony graphics and lively audio, blending elements of an animated show with a slot machine.",
Arto & The 7 Deadly Spins Megaways,6,"'Arto & The 7 Deadly Spins Megaways' features an Arabian-themed adventure with a Sinbad-like protagonist. The game includes Megaways mechanics, reactions, mystery symbols, pick-me features, and free spins with progressive multipliers. The reviewer finds the game's return values poor and the features lacking originality. The aesthetics are described as bright, cartoonish, and slightly retro, typical of Storm Gaming's style.",
Amazing Catch,8,"Amazing Catch is a fishing-themed slot game, a reskin of Diamond Sands, set in a serene natural environment. It features a 5x3 grid with 243 ways to win, money symbols, a Super Wheel, and free spins with progressive multipliers. The reviewer finds it a well-executed reskin, appealing to fans of fishing slots despite its lack of originality. The game boasts majestic artwork with a dreamy quality, reminiscent of Just For The Win's other titles.",
9 Pearls of Fortune,2,"'9 Pearls of Fortune' is a tranquil ocean-themed slot game by iSoftBet, emphasizing relaxation over high rewards. It features a 5x3 grid with 20 paylines, wilds, scatters for free spins, and a Pearl Respin feature with potential multipliers. The reviewer finds it a calming experience with a modest payout structure, suitable for laid-back play. The game boasts soft pastel visuals and a soothing soundtrack, reminiscent of an 80s vibe, enhancing its relaxing atmosphere.",
Gods of Seas Triton's Fortune,7,"Gods of Seas Triton's Fortune is an ocean-themed slot centered on the mythical god Triton, set beneath the sea. It features a 5-reel, 20-payline grid with medium to high volatility, offering free spins, Triton's Fortune, and Triton's Favour features. The reviewer finds it a light yet engaging game, with decent win potential if the right features trigger. The game boasts clear visuals with a mythical soundtrack, enhancing the underwater godly theme.",
Sparky and Shortz Hidden Joules,1,"Sparky and Shortz Hidden Joules takes players on a galactic quest to save the endangered planet of Alpha Labori.  
The game features a 5-reel, 3-row grid with 10 paylines and introduces cluster pays, Mega Symbols, and a Boost Meter system.  
The reviewer appreciates the game's medium volatility and potential for high payouts, with an RTP of up to 96.20%.  
Aesthetically, the game blends technology with nature, reminiscent of Pixar's WALL-E, featuring detailed graphics and immersive audio.",
How could anyone not love the Terminator franchise? It’s perhaps Arnold Schwarzenegger's most iconic portrayal of a character in his whole career and a definite go-to movie for anyone who's a fan of action and robots. This Microgaming slot offering aims to take you back to all the thrills from the second movie in the series,8,"Terminator 2 by Microgaming captures the essence of the iconic film with symbols featuring key characters and the T2 logo as the wild.  
The game offers unique features like T-800 Vision mode and a Free Spins round with up to 1,024 win ways.  
The reviewer praises the slot for its thrilling gameplay and high payout potential, dubbing it one of Microgaming's best.  
Stunning graphics and animations enhance the immersive experience, echoing the action-packed theme of the Terminator franchise.",
Lady Robin Hood,1,"Lady Robin Hood reimagines the classic Robin Hood tale with a female protagonist in a medieval-themed online slot.  
The game features a 5x4 grid, wilds, scatters, and a free spins round with stacked wilds.  
The reviewer finds the game unexciting, with slow gameplay and a dated appearance, despite decent RTP and features.  
The aesthetics are underwhelming, with a static background and forgettable music, lacking visual and auditory appeal.",
}); Valhalla Saga Thunder of Thor: Slot OverviewIf you play online slots for any length of time,1,"Valhalla Saga Thunder of Thor is set in a moody northern landscape with a Viking theme. The game features 5 reels, 30 paylines, and includes a Thunder of Thor modifier and a Thor Free Spins bonus round. The reviewer finds the game entertaining but not as intense or immersive as other Thor-themed slots. The aesthetics offer a bleak yet intriguing atmosphere with dynamic audio effects like crashing lightning.",
Gatot kaca's Fury,1,"Gatot Kaca's Fury is an Asian-themed slot set in a mountainous, exotic locale, featuring the character Gatot Kaca. The game offers high volatility, a win multiplier, sticky wilds in free spins, and an Ante Bet option. The reviewer appreciates the experimental theme and engaging features, noting a maximum RTP of 96.54%. The game boasts visually appealing aesthetics with an immersive audio experience that complements its exotic theme.",
Scroll of Seth,0,"Scroll of Seth is an Ancient Egypt-themed slot by Play'n GO, deviating from typical 'book of' slots with unique features. It includes a Wild Reel feature, expanding symbols, and offers free spins with multiplier wilds. The reviewer appreciates the game's execution and vibrant aesthetics but notes a lack of originality. The game boasts striking visuals and sultry audio, though the voiceover is critiqued for being out of place.",
Wish Upon A Jackpot Megaways,6,"'Wish Upon A Jackpot Megaways' blends fairy tale themes with a Megaways engine, featuring characters like Cinderella and the Gingerbread Man. The game offers up to 117,649 ways to win, cascading symbols, and features like Magic Beanstalk Wilds and Fairy Godmother Free Spins. The reviewer appreciates the revamped RTP and high volatility but notes the loss of some original elements. The visuals are subtly improved, maintaining a magical atmosphere with classic animations and a vibrant color palette.",
Nitropolis 4,8,"Nitropolis 4, by ELK Studios, presents a dystopian future where animals rule a nitro-fueled world. The game features Nitro Boosters, Nitro Multipliers, Nitro Reels, Avalanches, and bonus games, offering a highly volatile experience. The reviewer finds it an exciting continuation of the series with chaotic yet engaging gameplay. The game boasts dystopic visuals and a dynamic audio mix reminiscent of industrial music styles.",
Electric Avenue,8,"'Electric Avenue' takes players on a neon-lit journey back to the 80s, evoking Miami's vibrant nightlife. The game features a 6-reel, 4,096 ways-to-win system with wild multipliers and two free spins options. The reviewer notes the game's lack of originality, heavily borrowing features from other slots. Aesthetically, it boasts a retro vibe with Art Deco visuals and an upbeat soundtrack.",
Piggy Riches Megaways,6,"'Piggy Riches Megaways' is a revamped slot game showcasing a wealthy pig couple, combining NetEnt and Red Tiger's expertise. It features the Megaways engine, cascading wins, and free spins with multipliers. The reviewer praises its engaging gameplay and balanced math model despite a slightly below-average RTP. The game boasts upgraded graphics set against the opulent backdrop of Piggy Manor, complemented by thematic audio.",
Boat Bonanza CrocoNile!,0,"Boat Bonanza CrocoNile! is a fishing-themed slot game with an Egyptian twist, featuring crocodiles and Nile River imagery. The game includes features like Catch symbols, Croc Carnage, and Sobek's Rage, offering various ways to win. The reviewer finds the game engaging but not groundbreaking, rating it a 6/10. The game boasts bright, cheerful artwork and lively music, creating an inviting atmosphere.",
Millionaire Mystery Box,1,"Millionaire Mystery Box is a slot game themed around the ""Who Wants to Be a Millionaire"" TV show. It features a Mystery Box Reveal, a Gamble feature, and a free spins round with multipliers. The reviewer highlights its potential for big wins despite initial skepticism. The game captures the show's aesthetics with its neon setting, familiar symbols, and theme song.",
Easy Gold,5,"Easy Gold is a bank vault-themed slot game by Red Tiger, featuring a straightforward setup with a one-row gaming grid. The game includes features like Cash Respins, Second Chance Respins, and Vault Spins, offering various ways to win. The reviewer appreciates the game's simplicity and experimental concept but notes its high volatility and moderate RTP of 95.73%. Aesthetically, the game is set against a robust vault backdrop, enhancing the immersive experience, though specific audio details are not mentioned.",
Piles of Presents,7,"'Piles of Presents' is a Christmas-themed slot game by Just For The Win, featuring a traditional holiday setting. It offers two bonus rounds: the Christmas Wheel with jackpot prizes and Santa's Free Spins with multiple bonus features. The review suggests it may appeal to fans of festive slots but might be too conventional for others. The game boasts classic holiday visuals and a warm seasonal soundtrack.",
Immortal 5,1,"Immortal 5 is a superhero-themed slot set in a futuristic cityscape, developed by Relax Gaming in collaboration with CasinoDaddy. The game features 5 reels, 15 paylines, Expanding Hero Wilds with multipliers, Immortal Respins, and two bonus games with Hero Modes. The reviewer appreciates the engaging gameplay and diverse features, though notes the lack of iconic superhero depth. The game boasts vibrant visuals and dynamic audio, enhancing the immersive experience.",
Dragons And Magic,1,"'Dragons and Magic' by Stakelogic is a fantasy-themed slot featuring dragons and mystical elements. It offers a 5-reel, 243-win ways setup with features like the Super Stake option, Mystical Dragon, and Dragon Fireball. The reviewer finds the game engaging, especially during bonus rounds, though it can feel slow initially. The game boasts high-quality visuals with animated flames and a mystical forest backdrop, complemented by immersive audio.",
Shadow Shifter,1,"Shadow Shifter by ELK Studios is a slot game set in a mystical forest with a shapeshifting theme.  
The game features an expandable grid, column pushers, multipliers, and free spins with high volatility.  
The reviewer appreciates the unique mechanics and engaging gameplay but notes the low RTP of 94%.  
The game's aesthetics include a dimly lit forest with EDM and metal music, enhancing the mysterious atmosphere.",
Lion Thunder Spin Boost,1,"Lion Thunder Spin Boost by Blueprint Gaming combines themes from African wildlife with a focus on big cats.  
The game features a high volatility, 4,096 ways to win, free spins with wild multipliers, and a Spin Boost mechanic.  
The reviewer finds the game visually appealing but lacking innovation, though the Spin Boost adds a unique twist.  
Set in a romanticized African landscape, the game offers familiar yet polished visuals and atmospheric audio.",
Burgers,3,"Burgers is an American-themed slot game set in a roadside diner, developed by Big Time Gaming.  
The game features a 4x4 grid with 256 ways to win, a Bonus Reel, free spins, and a Win Exchange option.  
The reviewer finds Burgers enjoyable, though not as innovative as its predecessor, Donuts, but still engaging.  
The game offers a nostalgic aesthetic with a desert backdrop and lively audio reminiscent of a classic diner.",
Wilderland,1,"Wilderland by NetEnt immerses players in a magical realm of elves, fairies, and enchanted forests. The game features 5 different wilds, including Walking Wilds and a Free Spins feature with an expanded Activation Zone. The reviewer appreciates the game's aesthetic appeal but finds its gameplay and theme polarizing. Visually, Wilderland impresses with intricately designed symbols and a captivating soundtrack.",
